{
  "Ansi 7 Color (Light)" : {
    "Red Component" : 0.25205916166305542,
    "Color Space" : "Calibrated",
    "Blue Component" : 0.33322662115097046,
    "Alpha Component" : 1,
    "Green Component" : 0.33484843373298645
  },
  "Ansi 15 Color (Light)" : {
    "Red Component" : 0.34665676951408386,
    "Color Space" : "Calibrated",
    "Blue Component" : 0.83944588899612427,
    "Alpha Component" : 1,
    "Green Component" : 0.98383623361587524
  },
  "Ansi 2 Color (Light)" : {
    "Red Component" : 0.0012253891909494996,
    "Color Space" : "Calibrated",
    "Blue Component" : 0.254444420337677,
    "Alpha Component" : 1,
    "Green Component" : 0.66417461633682251
  },
  "Bold Color" : {
    "Red Component" : 0.062745101749897003,
    "Color Space" : "sRGB",
    "Blue Component" : 0.062745101749897003,
    "Alpha Component" : 1,
    "Green Component" : 0.062745101749897003
  },
  "Ansi 1 Color (Dark)" : {
    "Red Component" : 0.5490196078431373,
    "Color Space" : "P3",
    "Blue Component" : 0.46666666666666667,
    "Alpha Component" : 1,
    "Green Component" : 0.8784313725490196
  },
  "Use Bright Bold" : true,
  "Ansi 9 Color (Light)" : {
    "Red Component" : 1,
    "Color Space" : "Calibrated",
    "Blue Component" : 0.25925925374031067,
    "Alpha Component" : 1,
    "Green Component" : 0.25925925374031067
  },
  "Ansi 8 Color (Dark)" : {
    "Red Component" : 0.21881616115570068,
    "Color Space" : "Calibrated",
    "Blue Component" : 0.3159576952457428,
    "Alpha Component" : 1,
    "Green Component" : 0.26542419195175171
  },
  "Background Color" : {
    "Red Component" : 0.97999999999999998,
    "Color Space" : "sRGB",
    "Blue Component" : 0.97999999999999998,
    "Alpha Component" : 1,
    "Green Component" : 0.97999999999999998
  },
  "Columns" : 80,
  "Ansi 8 Color" : {
    "Red Component" : 0.40781760215759277,
    "Color Space" : "sRGB",
    "Blue Component" : 0.4078223705291748,
    "Alpha Component" : 1,
    "Green Component" : 0.40782788395881653
  },
  "Right Option Key Sends" : 0,
  "Ansi 4 Color (Light)" : {
    "Red Component" : 0.26944592595100403,
    "Color Space" : "Calibrated",
    "Blue Component" : 0.52468591928482056,
    "Alpha Component" : 1,
    "Green Component" : 0.60227686166763306
  },
  "Blinking Cursor" : false,
  "Selected Text Color (Light)" : {
    "Red Component" : 0.303090900182724,
    "Color Space" : "Calibrated",
    "Blue Component" : 0.85331732034683228,
    "Alpha Component" : 1,
    "Green Component" : 1
  },
  "Selected Text Color (Dark)" : {
    "Red Component" : 0.303090900182724,
    "Color Space" : "Calibrated",
    "Blue Component" : 0.85331732034683228,
    "Alpha Component" : 1,
    "Green Component" : 1
  },
  "Ansi 3 Color (Dark)" : {
    "Red Component" : 0.34776487946510315,
    "Color Space" : "Calibrated",
    "Blue Component" : 0.61324036121368408,
    "Alpha Component" : 1,
    "Green Component" : 0.50534588098526001
  },
  "Keyboard Map" : {

  },
  "Visual Bell" : false,
  "Cursor Text Color" : {
    "Red Component" : 1,
    "Color Space" : "sRGB",
    "Blue Component" : 1,
    "Alpha Component" : 1,
    "Green Component" : 1
  },
  "Scrollback Lines" : 1000,
  "Selection Color (Light)" : {
    "Red Component" : 0.25545543432235718,
    "Color Space" : "Calibrated",
    "Blue Component" : 0.33323132991790771,
    "Alpha Component" : 1,
    "Green Component" : 0.33479243516921997
  },
  "Ansi 0 Color" : {
    "Red Component" : 0.078431375324726105,
    "Color Space" : "sRGB",
    "Blue Component" : 0.11764705926179886,
    "Alpha Component" : 1,
    "Green Component" : 0.098039217293262482
  },
  "Match Background Color (Dark)" : {
    "Red Component" : 0.99697142839431763,
    "Color Space" : "P3",
    "Blue Component" : 0.32116127014160156,
    "Alpha Component" : 1,
    "Green Component" : 0.98600882291793823
  },
  "Ansi 11 Color (Light)" : {
    "Red Component" : 0.55610543489456177,
    "Color Space" : "Calibrated",
    "Blue Component" : 0.99336498975753784,
    "Alpha Component" : 1,
    "Green Component" : 0.83122169971466064
  },
  "Ansi 5 Color (Dark)" : {
    "Red Component" : 0.41176470588235292,
    "Color Space" : "P3",
    "Blue Component" : 0.68627450980392157,
    "Alpha Component" : 1,
    "Green Component" : 0.60784313725490191
  },
  "Cursor Text Color (Light)" : {
    "Red Component" : 0.013667854480445385,
    "Color Space" : "Calibrated",
    "Blue Component" : 0.073570050299167633,
    "Alpha Component" : 1,
    "Green Component" : 0.079826399683952332
  },
  "Silence Bell" : true,
  "Rows" : 25,
  "Draw Powerline Glyphs" : true,
  "Guid" : "A65547D2-562B-48A9-B9B8-F5FE3610214F",
  "Ansi 14 Color (Dark)" : {
    "Red Component" : 0.58084720373153687,
    "Color Space" : "P3",
    "Blue Component" : 0.82031571865081787,
    "Alpha Component" : 1,
    "Green Component" : 0.89442169666290283
  },
  "Ansi 15 Color (Dark)" : {
    "Red Component" : 0.34665676951408386,
    "Color Space" : "Calibrated",
    "Blue Component" : 0.83944588899612427,
    "Alpha Component" : 1,
    "Green Component" : 0.98383623361587524
  },
  "Ansi 0 Color (Dark)" : {
    "Red Component" : 0.0092930682003498077,
    "Color Space" : "Calibrated",
    "Blue Component" : 0.15002739429473877,
    "Alpha Component" : 1,
    "Green Component" : 0.12601232528686523
  },
  "Ambiguous Double Width" : false,
  "Option Key Sends" : 0,
  "Ansi 3 Color" : {
    "Red Component" : 0.78058648109436035,
    "Color Space" : "sRGB",
    "Blue Component" : 0,
    "Alpha Component" : 1,
    "Green Component" : 0.76959484815597534
  },
  "Window Type" : 0,
  "BM Growl" : true,
  "Prompt Before Closing 2" : false,
  "Command" : "\/bin\/zsh",
  "Selected Text Color" : {
    "Red Component" : 0,
    "Color Space" : "sRGB",
    "Blue Component" : 0,
    "Alpha Component" : 1,
    "Green Component" : 0
  },
  "Ansi 14 Color (Light)" : {
    "Red Component" : 0.59671914577484131,
    "Color Space" : "Calibrated",
    "Blue Component" : 0.15753474831581116,
    "Alpha Component" : 1,
    "Green Component" : 0.81537443399429321
  },
  "Cursor Guide Color (Dark)" : {
    "Red Component" : 0.64999997615814209,
    "Color Space" : "Calibrated",
    "Blue Component" : 1,
    "Alpha Component" : 0.25,
    "Green Component" : 0.9100000262260437
  },
  "Send Code When Idle" : false,
  "Ansi 6 Color" : {
    "Red Component" : 0,
    "Color Space" : "sRGB",
    "Blue Component" : 0.78166204690933228,
    "Alpha Component" : 1,
    "Green Component" : 0.77425903081893921
  },
  "Jobs to Ignore" : [
    "rlogin",
    "ssh",
    "slogin",
    "telnet"
  ],
  "Badge Color (Dark)" : {
    "Red Component" : 1,
    "Color Space" : "Calibrated",
    "Blue Component" : 0,
    "Alpha Component" : 0.5,
    "Green Component" : 0
  },
  "Cursor Color" : {
    "Red Component" : 0,
    "Color Space" : "sRGB",
    "Blue Component" : 0,
    "Alpha Component" : 1,
    "Green Component" : 0
  },
  "Vertical Spacing" : 1,
  "Disable Window Resizing" : true,
  "Close Sessions On End" : true,
  "Selection Color (Dark)" : {
    "Red Component" : 0.25545543432235718,
    "Color Space" : "Calibrated",
    "Blue Component" : 0.33323132991790771,
    "Alpha Component" : 1,
    "Green Component" : 0.33479243516921997
  },
  "Default Bookmark" : "No",
  "Foreground Color (Light)" : {
    "Red Component" : 1,
    "Color Space" : "Calibrated",
    "Blue Component" : 0.99999123811721802,
    "Alpha Component" : 1,
    "Green Component" : 0.99997431039810181
  },
  "Custom Command" : "No",
  "Background Color (Dark)" : {
    "Red Component" : 0.03210010752081871,
    "Color Space" : "P3",
    "Blue Component" : 0.10240980237722397,
    "Alpha Component" : 1,
    "Green Component" : 0.078013129532337189
  },
  "Ansi 9 Color" : {
    "Red Component" : 0.8659515380859375,
    "Color Space" : "sRGB",
    "Blue Component" : 0.45833224058151245,
    "Alpha Component" : 1,
    "Green Component" : 0.47524076700210571
  },